{"cameraMode":{"drawMode":0,"name":"Shaded","section":"Shading Mode"},"sceneLighting":true,"audioPlay":false,"sceneViewState":{"m_AlwaysRefresh":false,"showFog":true,"showSkybox":true,"showFlares":true,"showImageEffects":true,"showParticleSystems":true,"showVisualEffectGraphs":true,"m_FxEnabled":true},"in2DMode":false,"pivot":{"x":-5.292077541351318,"y":8.388382911682129,"z":-18.527414321899415},"rotation":{"x":0.05261366069316864,"y":0.7366969585418701,"z":-0.057492244988679889,"w":0.6719419956207275},"size":11.764518737792969,"orthographic":true}