{"cameraMode":{"drawMode":0,"name":"Shaded","section":"Shading Mode"},"sceneLighting":true,"audioPlay":false,"sceneViewState":{"m_AlwaysRefresh":true,"showFog":true,"showSkybox":true,"showFlares":true,"showImageEffects":true,"showParticleSystems":true,"showVisualEffectGraphs":true,"m_FxEnabled":true},"in2DMode":false,"pivot":{"x":-7.737833023071289,"y":-11.090620994567871,"z":131.52011108398438},"rotation":{"x":-0.2599720060825348,"y":0.22682583332061768,"z":-0.06033540144562721,"w":-0.9372206926345825},"size":248.54920959472657,"orthographic":false}