{"cameraMode":{"drawMode":0,"name":"Shaded","section":"Shading Mode"},"sceneLighting":true,"audioPlay":false,"sceneViewState":{"m_AlwaysRefresh":true,"showFog":true,"showSkybox":true,"showFlares":true,"showImageEffects":true,"showParticleSystems":true,"showVisualEffectGraphs":true,"m_FxEnabled":true},"in2DMode":false,"pivot":{"x":74.19013214111328,"y":-0.8684861063957214,"z":102.80518341064453},"rotation":{"x":0.25197845697402956,"y":0.008926229551434517,"z":0.007870354689657689,"w":0.9695224165916443},"size":491.87652587890627,"orthographic":false}