{"cameraMode":{"drawMode":0,"name":"Shaded","section":"Shading Mode"},"sceneLighting":true,"audioPlay":false,"sceneViewState":{"m_AlwaysRefresh":false,"showFog":true,"showSkybox":true,"showFlares":true,"showImageEffects":true,"showParticleSystems":true,"showVisualEffectGraphs":true,"m_FxEnabled":true},"in2DMode":false,"pivot":{"x":-3.242011547088623,"y":6.731623649597168,"z":-24.001758575439454},"rotation":{"x":-0.0043658362701535229,"y":-0.73712557554245,"z":0.004139665514230728,"w":-0.6762012243270874},"size":28.120933532714845,"orthographic":true}