{"cameraMode":{"drawMode":0,"name":"Shaded","section":"Shading Mode"},"sceneLighting":true,"audioPlay":false,"sceneViewState":{"m_AlwaysRefresh":false,"showFog":true,"showSkybox":true,"showFlares":true,"showImageEffects":true,"showParticleSystems":true,"showVisualEffectGraphs":true,"m_FxEnabled":true},"in2DMode":false,"pivot":{"x":-5.292077541351318,"y":8.388382911682129,"z":-18.527414321899415},"rotation":{"x":-0.0009427847689948976,"y":0.7110424041748047,"z":0.0011774227023124695,"w":0.7033650875091553},"size":15.320465087890625,"orthographic":true}