{"cameraMode":{"drawMode":0,"name":"Shaded","section":"Shading Mode"},"sceneLighting":true,"audioPlay":false,"sceneViewState":{"m_AlwaysRefresh":false,"showFog":true,"showSkybox":true,"showFlares":true,"showImageEffects":true,"showParticleSystems":true,"showVisualEffectGraphs":true,"m_FxEnabled":true},"in2DMode":false,"pivot":{"x":26.88465690612793,"y":1.4983583688735963,"z":54.37558364868164},"rotation":{"x":0.01852422021329403,"y":0.9987587928771973,"z":-0.056084346026182178,"w":-0.044474005699157718},"size":6.380325794219971,"orthographic":false}