{"cameraMode":{"drawMode":0,"name":"Shaded","section":"Shading Mode"},"sceneLighting":true,"audioPlay":false,"sceneViewState":{"m_AlwaysRefresh":false,"showFog":true,"showSkybox":true,"showFlares":true,"showImageEffects":true,"showParticleSystems":true,"showVisualEffectGraphs":true,"m_FxEnabled":true},"in2DMode":false,"pivot":{"x":1.5698875188827515,"y":1.2665724754333497,"z":3.430112361907959},"rotation":{"x":0.039642997086048129,"y":-0.9599990248680115,"z":0.17764656245708466,"w":0.21350549161434174},"size":4.148064613342285,"orthographic":true}