{"cameraMode":{"drawMode":0,"name":"Shaded","section":"Shading Mode"},"sceneLighting":true,"audioPlay":false,"sceneViewState":{"m_AlwaysRefresh":true,"showFog":true,"showSkybox":true,"showFlares":true,"showImageEffects":true,"showParticleSystems":true,"showVisualEffectGraphs":true,"m_FxEnabled":true},"in2DMode":false,"pivot":{"x":115.52302551269531,"y":-9.117147445678711,"z":122.23631286621094},"rotation":{"x":0.26129084825515749,"y":-0.5969067811965942,"z":0.2139241248369217,"w":0.7280358076095581},"size":117.50081634521485,"orthographic":false}