{"cameraMode":{"drawMode":0,"name":"Shaded","section":"Shading Mode"},"sceneLighting":true,"audioPlay":false,"sceneViewState":{"m_AlwaysRefresh":false,"showFog":true,"showSkybox":true,"showFlares":true,"showImageEffects":true,"showParticleSystems":true,"showVisualEffectGraphs":true,"m_FxEnabled":true},"in2DMode":false,"pivot":{"x":43.810428619384769,"y":-2.279232978820801,"z":35.97163391113281},"rotation":{"x":0.21524927020072938,"y":-0.3594241142272949,"z":0.10029814392328263,"w":0.9041463136672974},"size":19.604114532470704,"orthographic":false}