{"cameraMode":{"drawMode":0,"name":"Shaded","section":"Shading Mode"},"sceneLighting":true,"audioPlay":false,"sceneViewState":{"m_AlwaysRefresh":false,"showFog":true,"showSkybox":true,"showFlares":true,"showImageEffects":true,"showParticleSystems":true,"showVisualEffectGraphs":true,"m_FxEnabled":true},"in2DMode":false,"pivot":{"x":58.830039978027347,"y":1.4842255115509034,"z":165.86990356445313},"rotation":{"x":0.0289243683218956,"y":-0.7420691251754761,"z":0.6692215204238892,"w":0.032781925052404407},"size":10.586825370788575,"orthographic":true}