{"cameraMode":{"drawMode":0,"name":"Shaded","section":"Shading Mode"},"sceneLighting":true,"audioPlay":false,"sceneViewState":{"m_AlwaysRefresh":false,"showFog":true,"showSkybox":true,"showFlares":true,"showImageEffects":true,"showParticleSystems":true,"showVisualEffectGraphs":true,"m_FxEnabled":true},"in2DMode":false,"pivot":{"x":4.576837062835693,"y":11.903581619262696,"z":-19.716703414916993},"rotation":{"x":-0.022107718512415887,"y":-0.8289350271224976,"z":0.03033401072025299,"w":-0.5590802431106567},"size":24.024202346801759,"orthographic":false}