{"cameraMode":{"drawMode":0,"name":"Shaded","section":"Shading Mode"},"sceneLighting":true,"audioPlay":false,"sceneViewState":{"m_AlwaysRefresh":true,"showFog":true,"showSkybox":true,"showFlares":true,"showImageEffects":true,"showParticleSystems":true,"showVisualEffectGraphs":true,"m_FxEnabled":true},"in2DMode":false,"pivot":{"x":21.551044464111329,"y":0.7824872732162476,"z":33.38469314575195},"rotation":{"x":-0.1212519109249115,"y":0.8726674914360046,"z":-0.3850085735321045,"w":-0.27483367919921877},"size":21.268199920654298,"orthographic":false}