{"cameraMode":{"drawMode":0,"name":"Shaded","section":"Shading Mode"},"sceneLighting":true,"audioPlay":false,"sceneViewState":{"m_AlwaysRefresh":false,"showFog":true,"showSkybox":true,"showFlares":true,"showImageEffects":true,"showParticleSystems":true,"showVisualEffectGraphs":true,"m_FxEnabled":true},"in2DMode":false,"pivot":{"x":-3.7069058418273927,"y":5.644186019897461,"z":-18.160192489624025},"rotation":{"x":-0.10248539596796036,"y":-0.22861050069332124,"z":0.0277746319770813,"w":-0.9689279198646545},"size":18.855182647705079,"orthographic":false}