{"cameraMode":{"drawMode":0,"name":"Shaded","section":"Shading Mode"},"sceneLighting":true,"audioPlay":false,"sceneViewState":{"m_AlwaysRefresh":true,"showFog":true,"showSkybox":true,"showFlares":true,"showImageEffects":true,"showParticleSystems":true,"showVisualEffectGraphs":true,"m_FxEnabled":true},"in2DMode":false,"pivot":{"x":4.1519880294799809,"y":13.840349197387696,"z":-16.086029052734376},"rotation":{"x":0.07271143794059754,"y":0.9040089845657349,"z":-0.1323384940624237,"w":0.4039575457572937},"size":24.376815795898439,"orthographic":false}