{"cameraMode":{"drawMode":0,"name":"Shaded","section":"Shading Mode"},"sceneLighting":true,"audioPlay":false,"sceneViewState":{"m_AlwaysRefresh":true,"showFog":true,"showSkybox":true,"showFlares":true,"showImageEffects":true,"showParticleSystems":true,"showVisualEffectGraphs":true,"m_FxEnabled":true},"in2DMode":false,"pivot":{"x":-5.392912864685059,"y":5.306880950927734,"z":-14.936474800109864},"rotation":{"x":0.05268188193440437,"y":0.9343358874320984,"z":-0.15469813346862794,"w":0.31786105036735537},"size":29.938566207885743,"orthographic":false}