{"cameraMode":{"drawMode":0,"name":"Shaded","section":"Shading Mode"},"sceneLighting":true,"audioPlay":false,"sceneViewState":{"m_AlwaysRefresh":true,"showFog":true,"showSkybox":true,"showFlares":true,"showImageEffects":true,"showParticleSystems":true,"showVisualEffectGraphs":true,"m_FxEnabled":true},"in2DMode":false,"pivot":{"x":-9.258774757385254,"y":7.211058616638184,"z":-20.596296310424806},"rotation":{"x":0.047040943056344989,"y":0.3880896270275116,"z":-0.021242018789052964,"w":0.9206549525260925},"size":9.879114151000977,"orthographic":false}