{"cameraMode":{"drawMode":0,"name":"Shaded","section":"Shading Mode"},"sceneLighting":true,"audioPlay":false,"sceneViewState":{"m_AlwaysRefresh":true,"showFog":true,"showSkybox":true,"showFlares":true,"showImageEffects":true,"showParticleSystems":true,"showVisualEffectGraphs":true,"m_FxEnabled":true},"in2DMode":false,"pivot":{"x":52.04472732543945,"y":6.370068550109863,"z":103.55996704101563},"rotation":{"x":0.029864966869354249,"y":0.4498012959957123,"z":-0.009428205899894238,"w":0.8939560055732727},"size":9.522223472595215,"orthographic":false}