{"cameraMode":{"drawMode":0,"name":"Shaded","section":"Shading Mode"},"sceneLighting":true,"audioPlay":false,"sceneViewState":{"m_AlwaysRefresh":false,"showFog":true,"showSkybox":true,"showFlares":true,"showImageEffects":true,"showParticleSystems":true,"showVisualEffectGraphs":true,"m_FxEnabled":true},"in2DMode":false,"pivot":{"x":39.92584991455078,"y":0.5019499659538269,"z":144.01950073242188},"rotation":{"x":0.10723545402288437,"y":0.7599753737449646,"z":-0.13067300617694856,"w":0.6280640363693237},"size":5.638951301574707,"orthographic":false}