{"cameraMode":{"drawMode":0,"name":"Shaded","section":"Shading Mode"},"sceneLighting":true,"audioPlay":false,"sceneViewState":{"m_AlwaysRefresh":true,"showFog":true,"showSkybox":true,"showFlares":true,"showImageEffects":true,"showParticleSystems":true,"showVisualEffectGraphs":true,"m_FxEnabled":true},"in2DMode":false,"pivot":{"x":204.9530029296875,"y":17.60431671142578,"z":177.29180908203126},"rotation":{"x":0.24285057187080384,"y":0.7549421191215515,"z":-0.46275731921195986,"w":0.39620423316955569},"size":192.41600036621095,"orthographic":true}