{"cameraMode":{"drawMode":0,"name":"Shaded","section":"Shading Mode"},"sceneLighting":true,"audioPlay":false,"sceneViewState":{"m_AlwaysRefresh":false,"showFog":true,"showSkybox":true,"showFlares":true,"showImageEffects":true,"showParticleSystems":true,"showVisualEffectGraphs":true,"m_FxEnabled":true},"in2DMode":false,"pivot":{"x":0.7242039442062378,"y":8.920571327209473,"z":-20.433975219726564},"rotation":{"x":-0.03729808330535889,"y":-0.7765735983848572,"z":0.043143387883901599,"w":-0.6283658146858215},"size":21.060836791992189,"orthographic":false}